number,first_name,last_name,gender,birth_date,employee_type,annual_salary
483,Lenord,Kihn,M,1994-07-01,temporary,64598
478,Palma,Beahan,F,1972-05-06,permanent,124103
348,Hebert,Muller,M,1990-09-04,permanent,100324
757,Virginia,Ullrich,M,1991-09-23,permanent,144957
937,Roby,Hudson,M,1997-01-15,temporary,137659
264,Jaeda,Effertz,M,1994-03-21,permanent,131924
165,Jalissa,Bogisich,F,1974-01-07,permanent,101133
211,Lexie,Robel,M,1997-09-05,temporary,106595
510,Billy,Reilly,M,1977-04-30,temporary,75300
940,Marlana,Moen,F,1979-05-05,permanent,140611
175,Aja,Lynch,M,1986-08-21,permanent,69271
772,Jabez,McLaughlin,M,1971-01-12,permanent,141535
950,Adrienne,Stokes,F,1982-07-28,permanent,97453
906,Florene,O'Connell,M,1979-04-03,permanent,133971
325,Migdalia,Sauer,M,1992-08-24,permanent,144271
194,Ace,Upton,M,1987-08-25,permanent,120120
493,Jelani,Quitzon,M,1991-03-20,permanent,93442
901,Nikki,D'Amore,M,1985-08-09,permanent,108287
712,Yahir,Kertzmann,F,1970-10-27,temporary,95140
936,Marsha,Ledner,F,1982-12-23,permanent,143806
327,Amarion,Larkin,M,1987-06-28,permanent,145321
431,Maynard,Zieme,M,1982-10-12,permanent,76354
542,Mat,Nienow,F,1995-06-14,temporary,141463
78,Brannon,Goldner,F,1985-04-09,permanent,72290
90,Zilpha,Kreiger,F,1980-07-21,temporary,91584
855,Carla,Witting,F,1977-02-07,permanent,96996
621,Saint,Hayes,F,1993-08-09,temporary,128053
948,Gerry,Kunze,F,1990-11-21,temporary,110341
232,Urijah,McClure,F,1971-04-29,temporary,105555
377,Malcolm,Schmitt,M,1974-03-30,permanent,59482
458,Desmond,Pfeffer,F,1970-04-07,permanent,72361
171,Hope,Zboncak,F,1989-07-18,permanent,109051
163,January,Balistreri,F,1995-10-26,temporary,63802
409,Brionna,Block,F,1973-04-17,temporary,55607
88,Zain,Franecki,F,1972-11-03,permanent,141171
927,Jaelynn,Corkery,F,1999-10-21,permanent,136524
397,Millicent,Moen,M,1983-03-15,permanent,116407
289,Jeryl,Lesch,F,1971-05-24,permanent,144888
307,Percival,Flatley,F,1982-12-11,permanent,67961
982,Riley,Orn,M,1978-01-09,permanent,82041
679,Katelin,Huels,M,1996-12-17,permanent,65039
700,Jaiden,Hirthe,M,1970-09-26,permanent,62770
911,Hildred,McKenzie,M,1970-03-23,permanent,98515
428,Mansfield,Mosciski,M,1986-03-22,permanent,135099
609,Alana,Gaylord,F,1976-10-27,temporary,71825
442,Kyrie,Sanford,M,1992-04-15,permanent,75514
238,Addison,Sanford,M,1977-09-20,permanent,111234
969,Marget,West,M,1979-10-11,permanent,79230
245,Gladis,Yost,M,1996-12-30,permanent,74821
72,Laisha,Collier,F,1981-10-23,permanent,131899
829,Shade,Runte,M,1991-11-08,permanent,56935
900,Kate,Blick,F,1975-05-10,permanent,90927
586,Barton,Stokes,F,1991-05-10,permanent,97214
482,Anibal,Dare,M,1986-05-23,temporary,149219
932,Lucia,Bogan,M,1994-10-27,permanent,137985
337,Omar,Beier,M,1977-01-22,temporary,125879
561,Kari,Conn,F,1980-01-19,temporary,58570
22,Rashawn,Wyman,M,1995-05-06,temporary,56155
357,Darby,Herzog,M,1980-05-24,permanent,72575
990,Maryellen,Stanton,M,1993-09-26,permanent,80038
151,Ephram,Lindgren,M,1994-12-10,permanent,130053
629,Broderick,Mills,F,1986-04-25,permanent,104727
725,Lance,Ratke,M,1979-08-03,permanent,84832
349,Kamora,Bednar,M,1988-07-24,permanent,72137
241,Jaclyn,O'Connell,F,1993-01-30,permanent,126787
845,Kayleen,Hodkiewicz,F,1986-05-29,temporary,58755
194,Trilby,Hartmann,F,1979-01-11,permanent,118209
429,Ernie,Harber,M,1997-10-15,permanent,70102
38,Duke,Krajcik,M,1977-09-29,permanent,136383
687,Columbia,Pacocha,F,1994-10-04,permanent,129147
928,Furman,Kiehn,F,1974-01-03,temporary,59444
914,Phylicia,Gerlach,M,1996-12-18,permanent,146603
840,Vassie,Turcotte,F,1999-05-22,permanent,138513
655,Trey,Conn,F,1978-04-21,permanent,118809
143,Ilo,Mohr,F,1985-01-08,permanent,106096
309,Wilfred,Willms,M,1998-07-19,temporary,108311
638,Crockett,Zieme,M,1978-08-25,permanent,86551
156,Armstead,O'Kon,F,1984-08-07,permanent,75042
516,Chuck,Watsica,M,1984-02-24,temporary,135153
138,Nannette,Wintheiser,M,1985-10-05,permanent,124371
845,Shellie,Zboncak,M,1988-08-27,permanent,80332
312,Rylie,Bode,M,1978-03-05,permanent,146229
971,Phebe,Turcotte,F,1988-08-07,temporary,141422
420,Judi,Daugherty,F,1980-07-23,permanent,56124
442,Lavon,Kunze,M,1991-05-29,permanent,86608
745,Norine,Bode,M,1994-10-02,temporary,112224
592,Camisha,Casper,M,1994-07-02,temporary,59113
144,Stanford,Roberts,M,1996-11-14,permanent,147941
850,Jeffry,Kreiger,M,1983-04-07,permanent,79429
754,Elige,Rempel,M,1976-12-11,permanent,84343
444,Justus,Ullrich,M,1981-01-17,temporary,90633
657,Juana,Russel,F,1991-07-08,temporary,142237
835,Zelia,Lakin,M,1989-07-02,permanent,125912
503,Socorro,Barrows,M,1976-08-06,permanent,135162
287,Jory,Tromp,F,1985-06-06,permanent,133805
463,Ellison,Bednar,F,1984-03-10,permanent,81377
355,Theodis,Ruecker,F,1990-06-28,permanent,126923
829,Halley,Armstrong,M,1972-07-15,permanent,96508
130,Merwin,O'Keefe,M,1981-09-07,temporary,95193
185,Quint,Halvorson,M,1978-11-24,temporary,56029
527,Terrance,Schroeder,F,1989-06-02,permanent,76154
850,Darryle,Stracke,M,1978-06-03,temporary,77865
763,Effa,Senger,F,1974-07-24,temporary,143664
45,Tilman,Welch,F,1973-05-24,permanent,114153
45,Manilla,Daniel,M,1980-07-06,temporary,89318
88,Gustie,Feest,M,1976-12-29,permanent,130311
202,Brandon,Yost,F,1993-01-22,permanent,84858
327,Byrd,Wintheiser,M,1983-11-01,permanent,62026
373,Alize,Murazik,F,1972-04-08,temporary,119571
663,Rae,Wolf,M,1998-01-13,temporary,98996
102,Ramona,Reichert,F,1977-02-26,permanent,116332
249,Elmer,Reichert,M,1978-04-09,permanent,84094
958,Chantel,Shanahan,M,1992-05-22,permanent,72408
293,Rob,Hagenes,M,1997-01-27,temporary,73762
221,Devonte,Erdman,M,1985-09-15,permanent,59567
105,Lucetta,Kemmer,M,1980-03-22,permanent,72335
387,Ellsworth,Carter,M,1979-07-24,temporary,138540
443,Tristin,Shields,F,1980-08-25,permanent,97981
683,Wesley,Wiza,F,1989-06-07,permanent,68935
144,Gavin,Kuhic,M,1985-09-20,permanent,132542
583,Camila,Tillman,M,1977-04-03,permanent,99941
504,Dorla,Stark,M,1998-08-14,temporary,134767
937,Emeline,Klocko,F,1975-05-29,permanent,68156
455,Isamar,Grimes,M,1991-10-10,temporary,113122
303,Dennis,Cole,M,1993-04-16,temporary,147018
66,Ott,Huels,M,1991-07-17,temporary,106909
813,Rudolf,Paucek,F,1972-03-07,temporary,110663
51,Fleda,Botsford,M,1989-01-14,permanent,77949
648,Luella,Tromp,M,1970-01-24,permanent,55559
911,Landen,Predovic,F,1988-06-21,permanent,125038
991,Malvina,Cole,F,1971-09-25,permanent,66400
301,Garrison,Schulist,M,1982-10-14,permanent,109871
622,Dakotah,Kirlin,M,1976-11-05,permanent,93349
104,Cephus,Botsford,M,1986-09-11,permanent,84377
31,Syreeta,Altenwerth,M,1999-08-28,permanent,117554
828,Magdalena,Reichert,M,1993-09-02,permanent,55366
728,Matie,Lubowitz,F,1984-04-27,permanent,119788
763,Kiara,Gerlach,M,1984-11-26,temporary,108015
360,Jasmin,Willms,F,1982-08-27,permanent,126649
483,Desirae,Frami,F,1982-07-08,permanent,105702
1,Kitty,Ruecker,F,1976-07-24,permanent,90613
512,Cordell,Rempel,F,1995-04-10,permanent,120924
41,Gladyce,Kovacek,F,1993-05-24,permanent,110498
102,Stacey,Rice,F,1975-02-13,temporary,109856
64,Marcello,Yost,M,1995-04-15,permanent,59985
569,Angella,Harvey,F,1988-01-21,permanent,77758
610,Sidney,Johnson,F,1990-12-12,permanent,141549
12,Efrain,Harber,M,1995-01-26,temporary,57029
709,Loula,Botsford,F,1995-01-19,temporary,100518
196,Ebb,Thiel,M,1982-10-19,permanent,142036
486,Gorden,Vandervort,F,1977-10-25,permanent,147202
350,Maci,Hilll,F,1996-11-23,temporary,124359
222,Goldia,Kulas,F,1977-09-22,permanent,145125
446,Warren,Corkery,F,1990-02-09,permanent,70914
290,Frieda,Barrows,M,1981-09-27,permanent,130890
784,Vernie,Mann,M,1994-01-02,temporary,92651
360,Myles,Ritchie,M,1979-01-19,temporary,69366
686,Harvy,Schmeler,M,1982-05-16,permanent,136674
430,Jaylynn,Kerluke,M,1997-10-09,permanent,130936
867,Vicente,Veum,M,1971-04-14,permanent,98806
921,Odis,Stracke,M,1982-05-06,temporary,86325
898,Kristie,Ullrich,M,1989-10-11,permanent,108635
505,Lue,Von,F,1986-12-10,permanent,119230
407,Baylie,Conroy,M,1988-06-17,temporary,125274
951,Farris,Hirthe,M,1986-12-10,temporary,74274
194,Travon,Schmitt,M,1999-12-07,permanent,112990
132,Esmeralda,Nolan,F,1996-11-03,permanent,57474
885,Barnett,Schneider,M,1980-05-29,permanent,55153
261,Harley,Conn,M,1983-10-24,permanent,98869
95,Hilah,Thompson,M,1984-05-06,temporary,103413
141,Bayard,Bartoletti,M,1990-11-21,permanent,115560
215,Pasquale,Boyle,M,1971-04-09,permanent,132888
174,Devin,Reynolds,M,1991-01-15,temporary,56817
137,Colette,Franecki,M,1990-06-02,permanent,127923
525,Semaj,Rowe,M,1970-07-07,permanent,89280
769,Madaline,Hammes,F,1974-05-24,temporary,66521
610,Americo,Hyatt,M,1985-09-23,permanent,148119
875,Selmer,Vandervort,M,1981-01-10,temporary,116517
410,Orren,Berge,M,1997-04-26,temporary,132390
760,Durwood,Prosacco,M,1980-08-31,permanent,114870
235,Lakendra,Ruecker,M,1973-10-01,permanent,73881
946,Mustafa,Kreiger,F,1983-03-11,permanent,125503
771,Ryleigh,Waters,M,1975-05-11,permanent,96238
236,Boyd,Hirthe,M,1986-12-29,permanent,73884
850,Arnulfo,Dickens,F,1995-11-16,permanent,135303
728,Carmel,Shields,F,1996-01-08,permanent,81050
626,Uriah,Schmidt,M,1997-12-08,permanent,88767
493,Manda,McKenzie,F,1989-10-07,permanent,59627
424,Oland,Bradtke,M,1972-07-07,permanent,96697
540,Elisha,Haag,M,1984-01-25,permanent,74124
167,Harmony,Welch,M,1991-07-18,permanent,83793
54,Clovis,Romaguera,F,1992-03-14,permanent,94327
514,Kenny,Shields,M,1996-11-30,permanent,133041
333,Gidget,Champlin,M,1975-04-28,permanent,57584
757,Leota,O'Keefe,M,1994-01-02,temporary,97408
672,Sedrick,Waelchi,F,1975-04-19,temporary,92351
885,Estela,Smitham,F,1992-04-06,permanent,123140
135,Aletha,Konopelski,M,1984-01-18,permanent,60778
217,Alec,Spinka,M,1993-07-11,permanent,62865
94,Davonta,Hoppe,M,1973-09-22,permanent,132089
384,Felecia,Bednar,M,1996-03-23,temporary,106510
536,Edmund,Champlin,F,1978-05-27,permanent,117105
428,Georgeann,Gislason,F,1991-07-26,permanent,133563
648,Reina,Roob,M,1994-05-11,temporary,65167
975,Evonne,McGlynn,M,1989-11-23,temporary,66660
462,Doris,Effertz,M,1971-04-15,temporary,89444
332,Kazuko,Abbott,F,1990-02-07,permanent,58642
19,Jalen,Considine,F,1987-12-09,temporary,110155
531,Sky,Schowalter,F,1978-06-17,temporary,68018
232,Gaither,Jakubowski,M,1987-10-10,permanent,65128
530,Sullivan,Mueller,F,1976-02-24,permanent,114085
763,Virginia,Heaney,F,1995-12-09,temporary,110331
93,Wells,Wyman,F,1975-07-29,temporary,78807
61,Florian,Beahan,M,1978-02-03,permanent,98027
285,Merl,Wintheiser,M,1980-01-30,permanent,130592
298,Edwina,Aufderhar,M,1989-09-08,permanent,89080
802,Hilton,Nienow,M,1993-10-13,temporary,75005
172,Valentino,Borer,M,1979-01-16,temporary,103891
945,Shanelle,Rolfson,F,1970-09-01,permanent,140563
426,Christop,Frami,M,1997-01-06,temporary,56324
945,Twila,Dickinson,F,1995-02-15,permanent,65375
286,Mickey,Hettinger,M,1996-07-02,permanent,79999
272,Leonora,Kirlin,M,1987-10-06,permanent,85853
814,Kendall,Kilback,M,1984-09-05,permanent,59078
312,Osborne,Bayer,M,1990-08-13,permanent,111836
246,Alwilda,Lueilwitz,M,1999-07-10,permanent,132499
115,Pandora,Goodwin,F,1975-04-24,temporary,139469
222,Lucie,Murphy,M,1991-05-22,permanent,146587
499,Evette,Marquardt,M,1999-03-26,temporary,80151
827,Venie,Becker,M,1973-03-15,temporary,148967
409,Rhea,Runolfsdottir,M,1994-09-13,permanent,98150
992,Aleta,Kessler,F,1993-11-02,permanent,94994
106,Bennie,Deckow,F,1985-10-20,permanent,86508
858,Larkin,Aufderhar,F,1997-11-14,temporary,113114
613,Leva,Berge,M,1978-06-08,permanent,90204
242,Milo,Sanford,F,1973-12-18,permanent,112077
566,Mia,Von,M,1986-07-11,permanent,103794
532,Sula,Funk,F,1979-04-06,temporary,73487
293,Drury,Weissnat,M,1982-01-29,permanent,99258
958,Ottis,Wiegand,F,1977-09-27,permanent,139409
296,Verona,Padberg,M,1998-10-14,temporary,125561
171,Christa,Roob,M,1996-12-17,temporary,110838
962,Walton,Howell,M,1996-06-01,permanent,76389
592,Marsha,Price,F,1982-11-17,temporary,86095
427,Herbert,Brown,F,1984-05-21,permanent,130710
896,Efrem,Cronin,M,1989-05-07,temporary,58196
443,Zadie,Gorczany,M,1992-06-21,temporary,123502
240,Melissa,Bode,F,1986-07-19,permanent,65725
673,Aubrie,Kuphal,M,1991-09-29,permanent,148177
875,Ione,Jerde,F,1971-10-05,permanent,109073
843,Lillian,Bogisich,M,1991-11-12,permanent,72411
986,Elmyra,Mertz,M,1981-04-15,permanent,105395
482,Fran,Pagac,M,1992-12-31,permanent,99065
779,Bernard,Leuschke,M,1980-08-17,temporary,62571
1,Kimberley,Kuhic,F,1990-05-15,temporary,110182
761,Flor,Schamberger,M,1984-05-10,permanent,101162
681,Sebrina,Gibson,F,1991-03-24,permanent,72679
732,Dandre,Bartoletti,F,1975-06-16,permanent,65582
383,Jennie,Feeney,F,1984-02-05,permanent,108970
764,Marisela,Green,F,1979-12-03,permanent,67236
763,Corda,Wehner,M,1990-05-13,permanent,77291
563,Draven,Gleichner,F,1993-11-14,permanent,109525
5,Jamal,Cole,M,1983-01-31,permanent,109251
411,Jennette,Kemmer,F,1993-08-10,permanent,92197
836,Tammy,Nolan,M,1974-08-02,temporary,127199
707,Ewell,Sawayn,F,1993-03-23,permanent,117610
476,Zack,Koch,F,1970-11-20,permanent,109910
787,Willow,Shields,F,1994-08-08,permanent,80748
808,Katharyn,Boyer,M,1971-01-28,permanent,103177
202,Delwin,Satterfield,M,1992-05-08,temporary,146286
917,Jeff,Jacobs,M,1980-11-06,temporary,98247
795,Ashlyn,Schinner,M,1977-10-21,temporary,102601
454,Carmen,Lind,F,1997-04-08,temporary,147651
757,Toma,Leuschke,M,1999-05-31,temporary,90620
403,Audry,Dickinson,F,1977-04-15,permanent,60869
785,Bridgette,Ward,F,1992-07-13,permanent,77710
948,Dorsey,Runte,M,1982-04-25,permanent,84865
439,Jesenia,Nicolas,M,1979-02-28,permanent,89252
919,Gerda,Hane,F,1994-07-02,permanent,140632
766,Jace,Russel,M,1998-11-29,temporary,71119
678,Juliet,Hagenes,M,1979-08-19,permanent,83360
301,Leonore,Stroman,M,1991-02-18,permanent,58179
905,Devon,Kozey,M,1973-06-01,temporary,66593
31,Teddy,Rath,M,1990-02-17,permanent,109005
469,Patric,O'Hara,F,1973-03-17,permanent,120552
687,Willie,Runte,M,1998-07-10,temporary,143318
743,Baker,Auer,F,1986-12-28,permanent,72467
710,Donato,Vandervort,M,1985-09-18,permanent,141040
593,Syble,Ebert,M,1994-11-05,permanent,117818
228,Newt,Kertzmann,F,1997-05-14,permanent,80860
748,Nevin,Nicolas,F,1989-08-30,temporary,81635
805,Tommie,Kreiger,F,1981-02-19,permanent,139040
46,Tyrese,Eichmann,F,1982-07-18,temporary,81777
841,Kimber,Larson,F,1998-03-24,permanent,149164
773,Dijon,Brakus,F,1982-08-17,temporary,129734
750,Mozelle,Ullrich,M,1999-06-08,permanent,149146
214,Gail,Erdman,F,1975-10-23,permanent,84614
779,Alannah,Spencer,M,1978-08-02,permanent,55923
373,Almond,Waters,M,1973-04-15,permanent,93094
710,Eldred,Kshlerin,F,1975-09-24,permanent,92262
645,Clearence,Turner,M,1997-05-17,permanent,98536
24,Ariella,Runte,F,1993-12-26,permanent,107325
845,Wendel,Dibbert,F,1992-08-02,permanent,144099
690,Markel,Beer,M,1997-08-05,permanent,95954
956,Williemae,Nikolaus,M,1973-03-10,permanent,117500
188,Fenton,Block,F,1990-02-23,permanent,119342
882,Christeen,Borer,M,1981-09-12,permanent,133983
105,Christa,Buckridge,M,1998-05-23,permanent,139709
486,Kelby,Hessel,M,1972-06-21,permanent,103945
520,Sky,Collins,M,1984-04-28,permanent,137270
578,Raheem,Rogahn,M,1997-09-05,temporary,119569
892,Sonji,King,M,1981-12-09,permanent,107375
696,Marco,Heidenreich,M,1978-08-14,permanent,59639
26,Albertus,Bernier,M,1989-01-06,permanent,101017
520,Hazel,Bruen,F,1980-01-19,temporary,89167
965,Janell,Heaney,F,1991-06-09,permanent,80659
278,Lorelei,Spencer,M,1973-02-10,permanent,126556
892,Oline,Hagenes,F,1980-02-25,temporary,124195
49,Jordyn,Connelly,F,1990-11-10,permanent,124399
550,Dove,Runolfsdottir,F,1972-03-04,permanent,137960
259,Cain,Rath,M,1980-12-30,permanent,148413
870,Shaniece,Kovacek,M,1990-12-27,permanent,144102
8,Alvy,Beahan,M,1993-08-05,permanent,66519
74,Marlin,Collins,F,1981-02-26,permanent,85519
442,Jazmine,Goyette,M,1990-02-15,temporary,67732
919,Michial,Oberbrunner,M,1983-08-26,permanent,142240
639,Dulcie,Lemke,F,1970-05-15,temporary,59796
611,Weldon,Cronin,M,1988-12-26,permanent,83682
279,Alaina,Klocko,F,1981-09-07,permanent,125133
445,Woodson,Bins,F,1992-03-14,permanent,113482
109,Odin,Metz,M,1999-11-05,permanent,91335
67,Marcy,Schuppe,M,1983-12-31,temporary,142081
462,Maddux,Fahey,M,1973-07-01,permanent,74497
976,Cinthia,Kutch,M,1993-09-02,permanent,121833
69,Shaneka,Powlowski,M,1995-03-21,permanent,103204
35,Virgia,Feil,M,1987-09-19,temporary,59488
747,Gladys,Morissette,F,1987-08-04,permanent,133905
183,Heyward,Mueller,M,1984-11-07,temporary,118215
888,Byrdie,Rolfson,F,1988-04-17,temporary,56176
693,Hakim,Towne,F,1975-01-05,permanent,132437
611,Deetta,Lowe,F,1971-01-11,permanent,107681
77,Baldwin,Osinski,M,1993-08-08,permanent,72896
276,Hart,Kunze,M,1974-09-08,permanent,73245
492,Edwin,Graham,M,1997-05-02,permanent,138471
202,Amarion,Tromp,M,1970-01-05,permanent,146723
900,Izaiah,West,F,1994-02-04,temporary,95099
329,Jailene,Lakin,M,1987-11-10,permanent,97618
527,Dolly,Ryan,M,1992-03-26,permanent,120725
436,Anahi,Will,M,1981-07-11,permanent,127531
91,Ethelyn,Romaguera,M,1994-04-15,permanent,90500
325,Latifah,Howe,M,1994-03-22,temporary,81518
208,Nancie,Smith,F,1998-03-12,permanent,107216
211,Alyce,Haag,M,1979-10-05,permanent,106761
583,Jayce,Kub,M,1982-05-29,permanent,97761
460,Abbey,Fahey,F,1982-08-27,temporary,124621
886,Baby,Towne,F,1983-09-14,temporary,95548
960,Madonna,Schmeler,M,1972-06-20,permanent,94692
533,Algernon,Spencer,M,1983-03-30,permanent,72979
391,Iesha,Marvin,M,1986-06-27,permanent,128357
749,Hartley,Harber,M,1978-05-05,temporary,148713
825,Loris,Volkman,M,1994-07-26,permanent,83511
492,Sidney,Reilly,M,1977-02-11,temporary,67500
619,Dijon,Kohler,M,1988-07-02,temporary,82779
674,Delpha,Frami,F,1986-06-02,permanent,95014
578,Lenord,Mraz,M,1997-06-25,permanent,102116
713,Ula,Rogahn,M,1997-04-01,temporary,97009
411,Royal,Balistreri,M,1981-04-24,permanent,112817
237,Leora,Tromp,M,1984-06-13,temporary,84218
10,Pate,Weber,F,1992-01-03,permanent,71722
957,Damon,Rutherford,M,1976-02-24,permanent,91380
307,Colt,Schmitt,F,1990-07-31,temporary,79093
101,Khalilah,Flatley,M,1974-03-31,permanent,91171
667,Hymen,Kub,M,1982-01-17,permanent,64141
195,Mustafa,Emard,M,1972-03-16,permanent,55003
963,Burley,Lakin,F,1971-12-06,permanent,116648
566,Minor,Bradtke,M,1978-01-28,permanent,111715
212,Fredy,Mraz,F,1994-05-05,permanent,104426
922,Errol,Pfeffer,M,1992-01-17,temporary,91406
992,Oda,Becker,M,1980-06-22,permanent,76005
893,Janiah,Little,F,1978-12-03,permanent,142787
798,Clinton,Morar,M,1991-09-05,permanent,118143
503,Patrick,Boehm,M,1989-10-23,temporary,111033
580,Rashaan,Mills,M,1997-05-16,permanent,72516
813,Laura,Hartmann,F,1988-12-05,permanent,63915
812,Sincere,Russel,F,1996-10-21,permanent,139171
491,Chelsi,Parisian,M,1987-02-24,permanent,142266
866,Nadine,Bednar,F,1978-08-26,permanent,128460
389,Skyla,Kris,M,1971-02-02,permanent,149507
808,Aleah,Bosco,M,1976-04-13,permanent,67831
269,Mabel,VonRueden,M,1979-01-21,permanent,76933
116,Dionte,Hettinger,M,1995-09-21,temporary,96590
206,Ardell,Swift,F,1997-06-15,permanent,146257
89,Yuridia,Rodriguez,M,1984-01-22,temporary,129460
686,Jedidiah,Carroll,M,1976-02-16,permanent,124095
429,Izetta,Keeling,M,1973-06-12,temporary,138064
235,Eugenie,Senger,M,1998-10-19,temporary,125441
450,Carrol,Little,M,1982-12-02,permanent,75423
714,Sylvan,Spinka,F,1985-11-09,permanent,94445
299,Alvin,Marvin,F,1989-07-21,temporary,109310
556,Kahlil,Glover,M,1983-02-19,temporary,70487
187,Audie,Weimann,F,1972-11-14,permanent,118431
24,Abbott,Rippin,F,1984-03-11,permanent,93348
350,Wanda,Cartwright,M,1981-09-09,permanent,87829
165,Bennett,Bahringer,M,1971-04-16,permanent,66507
643,Stella,Homenick,M,1975-09-29,permanent,149108
794,Daniel,Zboncak,M,1984-10-23,permanent,97560
274,Salina,Hammes,F,1979-04-16,temporary,122286
366,Jaimee,Ryan,M,1983-05-14,permanent,65156
552,Sydni,Rutherford,M,1995-12-27,permanent,123683
997,Andrew,Schulist,F,1971-01-02,permanent,101940
376,Kyle,Ankunding,F,1980-08-31,permanent,146364
622,Marley,Okuneva,F,1978-10-27,permanent,146836
296,Isiah,Crist,M,1984-10-12,permanent,85347
659,Tatyana,Cassin,M,1987-02-04,temporary,62908
511,Mace,Cormier,M,1993-05-29,permanent,122923
870,Jacquez,Gutmann,F,1979-01-20,temporary,75846
852,Alston,Bauch,M,1979-12-04,permanent,109846
457,Kaelynn,Pollich,M,1995-12-02,permanent,148552
751,Brooke,Morar,F,1983-08-01,permanent,126294
132,Keira,Lubowitz,M,1986-01-27,permanent,137921
966,Donal,Fay,M,1998-05-27,permanent,64259
11,Buna,Connelly,M,1990-01-01,permanent,148038
691,Georgie,Friesen,F,1986-07-14,permanent,125873
346,Albertus,Littel,M,1994-03-06,temporary,55958
482,Rahn,Gusikowski,M,1989-04-02,permanent,124691
707,Leesa,Friesen,M,1996-09-18,temporary,80722
110,Metta,Trantow,M,1977-12-21,permanent,122444
606,Stafford,King,M,1996-12-12,temporary,60367
581,Tobi,Cummings,M,1990-10-07,temporary,135521
491,Cherelle,Waelchi,M,1982-07-05,permanent,56568
304,Iesha,Franecki,M,1975-07-16,temporary,100401
75,Donat,Ryan,M,1978-07-15,permanent,88653
483,Melissia,Strosin,F,1973-12-13,permanent,100176
892,Celestine,Walker,M,1972-10-12,permanent,83549
332,Alston,Grimes,M,1977-05-14,permanent,118206
447,Francies,Schoen,F,1993-11-04,permanent,94327
713,Kaci,Berge,M,1990-03-22,permanent,72666
541,Claire,Kiehn,M,1976-12-07,permanent,70316
92,Love,Bode,F,1990-08-16,permanent,101786
587,Sherrie,Hudson,M,1970-10-04,permanent,145960
766,Johathan,Cruickshank,M,1982-07-31,permanent,130472
85,Galilea,Waters,M,1970-07-24,permanent,135774
667,Tasia,Nitzsche,F,1972-03-06,permanent,117011
138,Freddie,Emmerich,M,1987-12-19,temporary,138387
812,Kayley,Walker,M,1981-08-13,temporary,89921
910,Violet,Metz,M,1978-03-09,permanent,106724
499,Cheyanne,Wiza,M,1995-03-08,permanent,117399
814,Jarrod,Williamson,F,1989-07-24,permanent,126979
762,Dolores,Trantow,F,1999-05-24,permanent,117449
377,Corry,Wehner,M,1984-04-08,permanent,93686
607,Taj,Cole,M,1994-12-11,permanent,92292
160,Denice,Hayes,M,1976-06-17,permanent,115752
112,Elease,Torp,F,1990-01-31,permanent,89048
87,Citlalli,Dach,F,1993-07-02,permanent,133519
880,Shelly,Konopelski,M,1990-05-28,permanent,111792
501,Raquan,Schmeler,F,1990-05-31,permanent,137343
447,Marin,Schowalter,M,1981-10-23,permanent,119484
235,Melody,Farrell,M,1981-06-05,permanent,89670
894,Virgie,Bradtke,M,1994-10-06,permanent,86863
718,Lindy,Gottlieb,M,1994-02-25,permanent,66430
57,Odie,Veum,F,1988-07-23,temporary,85210
870,Dillan,Turcotte,M,1995-07-29,permanent,68520
71,Bobbie,Kessler,F,1970-09-03,temporary,119641
418,Doreen,Baumbach,F,1980-03-29,permanent,55033
707,Erling,Nienow,F,1970-12-31,temporary,94938
723,Williemae,Wilkinson,M,1987-10-22,permanent,106398
692,Val,Schmitt,M,1977-05-06,permanent,132677
712,Damian,Marvin,F,1975-05-21,permanent,135791
686,Charlsie,Hirthe,M,1975-08-15,permanent,62393
144,Tracey,Lebsack,F,1975-04-24,permanent,72866
656,Isabel,Hilpert,M,1977-03-01,permanent,64781
999,Maceo,Wisoky,M,1983-11-12,permanent,142838
606,Jonell,Frami,M,1989-03-30,permanent,64124
57,Shelli,Hettinger,M,1976-09-18,permanent,95690
692,London,Denesik,M,1992-01-05,permanent,72160
62,Ivonne,Langworth,F,1977-03-01,temporary,132528
515,Adelard,Abshire,F,1973-12-15,permanent,66031
419,Royal,Leffler,F,1998-12-18,permanent,143991
565,North,McLaughlin,F,1988-10-31,permanent,128329
573,Laverne,Schiller,F,1976-03-05,permanent,131800
398,Chase,Goyette,F,1982-12-16,permanent,149717
318,Makena,Heidenreich,M,1974-08-27,permanent,95112
606,Lorrie,Crist,F,1981-07-25,permanent,111104
364,Korbin,Ondricka,M,1981-12-19,temporary,121109
607,May,Doyle,F,1992-06-21,permanent,65658
222,Elodie,Heller,M,1998-06-15,permanent,131562
477,Nathaly,Adams,M,1974-01-29,permanent,100052
954,Margarite,Cassin,F,1981-07-10,permanent,61076
743,Zack,Kling,F,1981-11-21,permanent,138431
606,Vela,Lueilwitz,M,1979-11-13,temporary,61581
225,Michaela,Sanford,F,1976-05-05,permanent,70382
997,Brook,Turner,M,1990-06-21,temporary,80734
275,Moody,Fritsch,F,1992-10-02,permanent,62066
266,Giovani,Friesen,F,1980-03-26,permanent,87001
924,Takisha,Stanton,F,1996-06-19,permanent,100116
863,Eileen,Boyle,F,1995-05-25,permanent,96924
681,Triston,Yundt,F,1970-03-29,temporary,86467
942,Kaiya,Legros,M,1986-10-15,temporary,63683
10,Saige,Casper,M,1990-08-03,temporary,61597
884,Pablo,Bogan,M,1989-11-03,temporary,123759
901,Lary,Krajcik,M,1993-08-30,permanent,73623
630,Iola,Hilpert,M,1974-12-01,temporary,100923
219,Vicente,Wiegand,M,1992-04-07,permanent,67066
476,Jerrilyn,Jakubowski,M,1975-06-17,temporary,88637
597,Tessa,Howell,M,1982-10-07,permanent,83065
500,Torrance,Hahn,M,1994-06-13,permanent,89393
353,Gigi,Heathcote,M,1997-01-26,permanent,143397
345,Jajuan,Leffler,M,1981-04-15,temporary,92701
261,Garey,Vandervort,F,1971-07-19,permanent,67132
624,Serenity,Senger,F,1993-04-19,temporary,85681
747,Vernia,Ritchie,M,1988-10-25,temporary,70673
762,Geary,Nienow,M,1980-11-03,permanent,59300
387,Iva,Green,F,1978-07-30,permanent,67147
824,Kami,Langworth,M,1996-08-22,permanent,72960
65,Faith,Becker,F,1992-12-16,permanent,99575
662,Sherwin,Witting,F,1977-05-01,permanent,73338
462,Penelope,Crona,M,1999-06-12,permanent,80458
341,Helena,Runte,M,1996-12-09,permanent,60112
161,Zion,Cronin,M,1991-09-30,permanent,115523
708,Opal,Koelpin,M,1975-02-21,permanent,132691
997,Agusta,Emmerich,M,1972-12-05,permanent,114085
687,Christa,King,F,1994-03-25,permanent,128960
213,Lyn,Bechtelar,F,1990-04-27,temporary,104808
544,Karol,Parisian,M,1992-06-01,temporary,99501
553,Brandi,Klein,F,1976-10-19,permanent,71013
885,Elvis,Medhurst,F,1987-08-25,permanent,141046
799,Clemens,Heathcote,F,1985-08-15,permanent,107976
846,Cleo,O'Kon,M,1974-12-22,permanent,108288
302,Vernell,Schmidt,F,1983-08-08,temporary,123021
878,Monnie,Mante,F,1997-06-29,temporary,91829
33,Brittnay,Yundt,M,1984-09-30,permanent,70648
866,Corinna,Parker,F,1985-03-04,permanent,84403
90,Greyson,Bruen,F,1972-10-30,permanent,144889
801,Kazuko,Bechtelar,M,1995-04-03,permanent,97902
645,Kayley,Predovic,F,1973-05-20,temporary,108400
464,Texanna,Rohan,F,1997-09-09,permanent,140536
739,Camille,Renner,M,1988-01-07,temporary,121689
586,Arianna,Gorczany,F,1973-10-15,temporary,87397
148,Celeste,Bernhard,M,1973-04-24,permanent,76386
957,Nettie,Monahan,M,1998-07-06,permanent,91047
353,Annika,Runte,M,1992-07-24,temporary,62438
328,Otha,Keebler,F,1990-02-04,permanent,141310
446,Jan,Fahey,M,1987-10-25,permanent,144382
583,Wally,Cremin,F,1978-12-04,permanent,110306
143,Miranda,Hagenes,M,1980-04-21,temporary,68804
326,Mandy,Greenfelder,M,1995-11-16,permanent,79047
449,Tyquan,Sanford,F,1982-09-10,temporary,111819
806,Clair,Stokes,M,1978-08-31,permanent,76691
846,Rutha,Emmerich,F,1993-12-16,permanent,73547
360,Claud,Schultz,M,1971-12-04,permanent,73087
492,Claudine,O'Conner,M,1994-07-12,temporary,61888
430,Joseph,Reynolds,M,1977-12-28,permanent,97293
476,Lamonte,Rolfson,M,1979-09-27,permanent,68661
12,Alesia,Hirthe,M,1979-04-21,permanent,126664
395,Abie,Kuhn,F,1981-09-13,permanent,109730
631,Becky,Murazik,F,1987-03-26,permanent,112854
80,Zelpha,White,M,1999-12-07,permanent,84398
517,Alice,Doyle,M,1998-08-01,permanent,119391
617,Rickey,Aufderhar,M,1994-12-27,permanent,139864
387,Jalen,Waters,F,1980-09-22,permanent,118124
782,Harmony,Witting,M,1987-11-06,permanent,91591
386,Delmas,Daugherty,M,1997-02-13,temporary,69926
541,Ruth,Eichmann,M,1973-03-19,temporary,98816
682,Shawanda,Harber,F,1990-01-29,permanent,130551
8,Paola,Kilback,F,1981-11-09,permanent,61536
374,Birt,Farrell,F,1971-08-31,permanent,86943
362,Janyce,Yundt,F,1983-01-18,permanent,82091
372,Mauricio,Bergnaum,F,1975-07-25,permanent,140239
445,Darrius,Roberts,M,1977-01-21,permanent,56414
607,Garvin,Hermann,M,1988-11-21,permanent,138378
984,Felicity,Renner,M,1978-08-14,permanent,81751
762,Jerica,Sauer,M,1982-03-12,temporary,120954
615,Kyleigh,Rutherford,F,1997-12-12,permanent,67230
270,Loula,Hahn,F,1998-09-23,permanent,107869
817,Lacey,Dickens,F,1971-07-23,temporary,96147
456,Denine,Crona,M,1981-10-29,permanent,105854
765,Hildur,Marvin,M,1989-01-10,permanent,120225
428,Salomon,Carter,M,1987-05-30,temporary,96431
951,Emery,Steuber,M,1988-02-09,temporary,77892
289,Uriah,Bashirian,M,1974-03-22,permanent,102185
705,Kathyrn,Balistreri,F,1999-03-06,permanent,68773
37,Jolette,Marks,M,1977-10-12,temporary,132173
185,Wally,Hirthe,M,1991-07-20,permanent,129998
939,Kennard,Hintz,M,1988-06-12,permanent,71052
695,Mack,Nolan,F,1998-01-26,permanent,121793
288,Rubie,Hartmann,M,1996-09-06,permanent,64643
244,Helene,Medhurst,M,1982-08-13,permanent,123711
725,Nova,Klein,F,1973-12-28,permanent,123331
227,Leone,Upton,M,1988-03-08,permanent,148436
676,Jaelynn,Morissette,M,1981-01-24,temporary,96862
480,Jarrad,Schmitt,M,1988-02-19,permanent,126906
251,Burnie,Marvin,M,1998-02-16,permanent,76057
513,Devyn,O'Conner,M,1994-01-12,permanent,130685
281,Alston,Davis,F,1970-08-05,temporary,123387
216,Jazlyn,Davis,M,1994-04-11,permanent,118945
979,Emery,Conn,M,1995-10-23,permanent,138214
48,Ruffin,Medhurst,M,1994-11-13,permanent,67369
632,Sharonda,Doyle,M,1982-10-22,permanent,71172
793,Laurene,Kohler,M,1978-02-15,permanent,121461
967,Novella,Streich,M,1992-06-05,permanent,127460
110,Benny,Jenkins,M,1973-11-11,temporary,86686
310,Tolbert,Trantow,M,1994-09-07,permanent,91941
914,Tab,Zulauf,M,1991-06-15,permanent,68168
284,Francies,McGlynn,F,1991-05-05,permanent,131460
310,Sammy,Dickinson,F,1996-04-20,permanent,136082
509,Clemens,West,M,1981-10-12,permanent,134268
520,Olan,Homenick,M,1991-09-07,temporary,148916
282,Waymon,Bauch,M,1973-12-29,permanent,118954
721,Hasel,Leannon,M,1989-07-31,permanent,121109
424,Gaylon,Fadel,M,1991-10-05,temporary,64107
277,Rosanne,Heathcote,F,1993-06-23,temporary,67357
475,Abe,Schultz,M,1994-11-15,permanent,71706
963,Bea,Lueilwitz,F,1988-01-16,permanent,85676
82,Rennie,Koch,M,1993-08-24,temporary,132854
400,Adonis,Kessler,M,1979-11-01,permanent,86648
627,Edwin,Abbott,M,1979-12-21,temporary,139549
317,Arthur,Beatty,M,1974-07-04,temporary,89660
126,Ulises,Nicolas,F,1995-04-30,permanent,134165
673,Demian,Barrows,F,1980-07-29,permanent,74930
818,Racheal,Funk,M,1988-01-23,permanent,120223
509,Kendall,Harvey,M,1975-10-18,permanent,142874
313,Danette,Ward,M,1987-07-30,temporary,129422
392,Karma,Shields,F,1983-07-16,temporary,103352
632,Linette,Mante,M,1997-05-27,permanent,146708
303,Martell,Kassulke,M,1972-02-20,temporary,127189
82,Gwyneth,Prosacco,M,1995-09-13,permanent,55602
928,Domenico,Howe,M,1973-01-19,permanent,136394
318,Bev,Schuster,F,1981-06-23,permanent,69093
160,Zita,Hermiston,M,1997-04-29,permanent,128330
672,Fannie,Lemke,M,1990-09-04,permanent,85872
548,Francine,Mayer,M,1997-02-17,permanent,80200
733,Lilla,Blanda,M,1978-11-14,permanent,66934
21,Elaine,Barrows,M,1983-06-08,permanent,59553
428,Marylee,Schimmel,F,1998-06-29,permanent,98535
109,Joselyn,Schmeler,M,1970-06-23,permanent,84979
66,Savilla,Bernier,F,1974-07-16,permanent,122832
184,Sheree,Morar,M,1997-03-22,permanent,86222
366,June,Hamill,M,1981-02-04,temporary,74381
410,Johan,Haag,F,1975-06-08,permanent,118838
277,Bliss,Abshire,F,1985-08-20,permanent,106218
489,Karma,Herman,F,1994-12-22,permanent,111818
368,Celia,Konopelski,F,1986-01-08,permanent,61724
826,Braydon,Ritchie,F,1995-05-17,permanent,60911
514,Mickey,Pagac,F,1984-05-23,permanent,133279
177,Carmelita,Bednar,M,1997-02-22,temporary,71107
438,Gracelyn,Friesen,M,1974-08-07,permanent,73455
263,Lorrayne,Volkman,M,1988-11-13,temporary,121555
779,Codey,Nitzsche,F,1981-06-18,permanent,85500
631,Milan,O'Conner,M,1975-07-01,temporary,116626
108,Myrta,Kuvalis,M,1990-01-24,permanent,106103
208,Minerva,Sawayn,M,1979-08-09,permanent,139741
634,Corina,Schowalter,M,1974-03-02,permanent,91252
575,Qiana,Gutkowski,M,1971-10-25,permanent,115611
789,Reid,Tromp,M,1990-08-20,temporary,136597
981,Keanna,Nicolas,F,1994-05-08,permanent,64265
76,Wilhelm,Halvorson,M,1984-06-18,temporary,56856
627,Alphonsine,Bode,F,1978-07-13,permanent,72830
484,Aryana,Hammes,M,1973-06-19,permanent,93551
193,Imanol,Streich,M,1974-09-30,permanent,76056
570,Corda,Lowe,M,1979-04-18,temporary,70581
983,Rosendo,Rau,F,1987-11-06,permanent,80392
473,Misti,Hammes,M,1970-05-14,temporary,117924
744,Ivory,Mante,M,1984-09-04,permanent,81133
34,Aimee,Sauer,M,1992-11-18,permanent,125785
99,Austin,Hahn,F,1975-05-01,temporary,88848
257,Vergie,Tremblay,F,1987-12-09,permanent,149999
142,Ashby,Waelchi,F,1985-08-12,temporary,119416
172,Medora,Wisoky,M,1994-09-13,permanent,113470
924,Ocie,Lakin,M,1970-12-09,temporary,71623
632,Josephus,Collier,M,1986-11-13,temporary,103524
267,Karlee,Labadie,M,1975-11-17,permanent,108276
391,Raekwon,Kuhn,F,1972-02-06,permanent,149482
673,Haleigh,Herzog,M,1994-07-24,temporary,115672
472,Johny,Volkman,M,1998-07-25,permanent,143599
438,Blanchard,Ryan,M,1997-01-15,permanent,138655
222,Yaakov,Skiles,M,1988-05-17,temporary,134281
335,Antionette,Morar,M,1973-09-13,temporary,76351
535,Armani,McClure,F,1973-06-20,temporary,110082
46,Nevada,Kunde,F,1986-05-10,permanent,112824
824,Brendan,Block,F,1996-10-10,temporary,123597
47,Deasia,Herzog,M,1972-08-15,permanent,102541
398,Alene,Kuvalis,F,1973-10-11,permanent,103230
498,Christion,Jones,M,1987-10-20,permanent,119208
717,Helyn,Fadel,F,1985-09-05,permanent,70770
805,Blanche,Abernathy,M,1989-06-25,permanent,77772
983,Gerald,Pfeffer,M,1999-03-25,permanent,97350
919,Carter,Howe,F,1978-08-12,permanent,109318
353,Hayden,Koepp,F,1991-01-01,permanent,119933
900,Encarnacion,Hand,M,1977-06-11,permanent,77769
835,Vikki,Schiller,M,1984-10-31,permanent,72145
758,Avis,Hayes,M,1987-02-01,temporary,67180
108,Meryl,Wunsch,M,1999-11-04,temporary,73793
900,Talmage,Kirlin,F,1977-02-07,temporary,118016
297,Clemmie,Crist,M,1988-04-24,permanent,67216
837,Nikhil,Lemke,F,1982-06-06,permanent,109382
413,Keeley,Conroy,F,1970-01-17,permanent,55726
791,Asia,Hane,F,1995-12-20,temporary,110038
551,Arden,Hoeger,F,1988-04-25,temporary,89713
175,Melton,Sporer,M,1994-11-24,permanent,115644
344,Elyse,Stroman,F,1975-01-24,permanent,107074
94,Samara,Erdman,F,1991-10-29,permanent,119930
188,Gracie,Shanahan,M,1992-09-21,permanent,61106
867,Greta,Dickinson,F,1990-04-29,permanent,81093
291,Solomon,Ziemann,M,1975-05-30,temporary,86358
273,Davis,Price,M,1990-03-17,permanent,81471
744,Viridiana,Beahan,F,1986-03-29,permanent,142546
961,Meryl,Hammes,F,1974-03-31,temporary,145884
570,Chimere,Wunsch,F,1997-08-13,permanent,94717
453,Lucretia,Mante,F,1976-10-24,permanent,98550
446,Kristian,Heidenreich,F,1975-07-11,permanent,146795
358,Payton,Homenick,M,1994-03-02,temporary,59924
270,Rigoberto,Swift,M,1986-12-27,permanent,133069
348,Tiffanie,Hessel,F,1987-03-09,permanent,64381
410,Emeline,Jast,M,1994-12-08,permanent,129714
343,Eldred,Hahn,M,1998-09-02,permanent,146067
204,Selah,Pfeffer,M,1991-04-20,temporary,90609
866,Park,Harber,M,1989-12-23,permanent,94897
116,Eboni,Feest,M,1981-06-13,temporary,140226
520,Inga,Boehm,M,1976-05-08,permanent,129020
198,Acy,Paucek,M,1992-11-17,temporary,146126
937,Rylan,Stroman,M,1971-06-24,permanent,141575
675,Madden,Hessel,M,1978-08-21,permanent,137376
50,Lavada,Schmidt,M,1987-05-15,temporary,101898
784,Julisa,Murazik,M,1987-09-30,permanent,75235
554,Denisha,Price,M,1999-06-21,permanent,87662
941,Jose,Breitenberg,F,1985-07-02,temporary,142567
889,Hollie,Muller,M,1973-04-04,permanent,116101
327,Renea,Erdman,M,1986-08-03,permanent,64245
847,Dequan,Brown,M,1986-05-29,permanent,119370
512,Sybilla,Kreiger,M,1981-09-20,permanent,89122
163,Ester,Emmerich,M,1989-08-13,temporary,134033
98,Carmen,Macejkovic,M,1987-06-13,permanent,128497
110,Julie,Wiegand,F,1982-05-24,permanent,141991
167,Nick,Little,M,1980-08-20,permanent,103003
326,Denton,Becker,F,1984-05-13,permanent,60045
351,Kurt,Nikolaus,F,1980-12-14,permanent,101337
352,Austin,Collins,M,1991-01-12,temporary,59530
743,Katerina,Runolfsson,F,1990-07-05,permanent,87137
569,Fernanda,Anderson,M,1973-11-11,permanent,100056
36,Ardell,Von,M,1989-03-03,permanent,110429
684,Ethelbert,Koch,F,1972-04-15,permanent,124780
84,Akeelah,Kris,M,1981-02-22,permanent,123656
157,Shana,Prosacco,M,1973-11-01,permanent,64181
474,Carey,Harber,M,1990-05-09,permanent,140852
12,Ursula,Wintheiser,M,1999-11-26,temporary,135046
124,Alaina,Hilpert,M,1987-01-09,permanent,62046
12,Javion,Moore,M,1976-02-13,temporary,137513
427,Kelsey,Feil,F,1981-04-14,temporary,122762
414,Almeda,Murazik,M,1988-03-12,temporary,134422
237,Lauri,Hodkiewicz,M,1975-05-09,temporary,59596
445,Octavia,Cormier,F,1978-03-21,temporary,80301
439,Esther,Cartwright,M,1998-09-14,temporary,85697
253,Margot,Connelly,F,1982-04-30,temporary,75082
558,Monroe,Pacocha,M,1986-08-22,permanent,122011
705,Elmo,Jacobson,M,1982-01-26,permanent,104313
208,Jedidiah,Zieme,M,1999-10-20,permanent,85879
51,Berkley,Nader,M,1982-01-05,permanent,69904
36,Einar,Beier,F,1971-09-06,temporary,113541
780,Casen,Rowe,M,1990-04-22,temporary,120179
996,Linnie,Larson,F,1980-03-04,permanent,92815
366,Karel,McLaughlin,M,1984-05-14,temporary,84829
892,Theta,Kirlin,M,1975-08-29,permanent,115004
745,Anjanette,Marvin,F,1996-08-11,temporary,74834
537,Clarence,Kemmer,M,1993-01-05,temporary,89101
98,Leroy,Kuhic,F,1992-12-18,permanent,149322
527,Aurora,Fritsch,M,1970-05-12,permanent,132233
780,Destiny,Kirlin,M,1994-09-30,permanent,120558
558,Miley,Kshlerin,M,1994-11-21,temporary,66572
797,Corinne,Becker,M,1996-03-24,temporary,121953
130,Oney,Purdy,M,1976-12-20,permanent,59579
735,Davon,Conn,M,1971-02-04,temporary,126723
490,Chace,Crist,F,1985-01-02,permanent,71364
971,Elvis,Bosco,M,1977-03-07,permanent,130542
31,Jory,Waters,M,1970-10-05,temporary,80945
285,Pennie,Goodwin,M,1997-03-26,permanent,76698
609,Arbie,Wiza,M,1993-12-07,permanent,82997
370,Theresa,Gulgowski,M,1975-01-10,temporary,81277
340,Osie,Bruen,M,1979-08-18,temporary,85492
160,Kelley,Stiedemann,M,1977-09-14,permanent,78564
646,Nova,Predovic,M,1997-01-25,permanent,103012
841,Annamarie,Blanda,M,1982-03-23,permanent,106169
39,Gilda,Gerlach,F,1987-06-25,permanent,58922
759,Selene,Grady,M,1991-03-31,permanent,139412
520,Kasey,Christiansen,M,1976-08-09,permanent,121419
635,Lolita,Kuvalis,F,1988-07-29,permanent,140096
753,Jayne,Blanda,M,1987-01-23,permanent,92728
245,Rico,Wilderman,M,1970-12-29,permanent,73523
177,Alena,Johns,M,1980-07-30,permanent,64689
668,Lorinda,Rogahn,M,1991-10-20,permanent,95436
329,Elizabet,Dickinson,F,1985-03-13,permanent,117526
954,Carin,Prosacco,M,1987-06-24,temporary,143630
449,Eugenia,Will,F,1976-08-17,permanent,66967
457,Dorathy,Senger,M,1993-12-26,permanent,64114
522,Sannie,White,M,1975-05-13,temporary,117537
928,Ottis,Collier,M,1993-11-20,permanent,109456
702,Clella,Greenholt,M,1994-06-01,permanent,121203
845,Candace,Predovic,M,1986-03-02,temporary,98922
232,Marland,Bayer,F,1991-04-10,temporary,144022
411,Brody,Hegmann,F,1978-04-22,permanent,132509
965,Sudie,Mayert,M,1994-08-27,temporary,115256
541,Madalyn,Dach,M,1979-07-11,permanent,143222
983,Randell,Dickens,M,1981-06-27,permanent,98427
260,Hillard,Aufderhar,M,1985-01-21,permanent,93850
5,Carly,Ratke,M,1998-01-16,permanent,88315
953,Pleas,Flatley,M,1973-12-24,permanent,72630
600,Ewell,Hammes,M,1972-09-05,permanent,119049
462,Helena,Denesik,M,1975-01-15,permanent,57771
725,Corene,Boehm,M,1972-02-11,temporary,76070
520,Octavio,Emard,M,1975-01-29,permanent,133131
279,Jarod,Jerde,M,1979-01-30,permanent,113984
745,Tremaine,Stanton,F,1973-07-29,permanent,115953
154,Jiles,Osinski,M,1981-12-03,temporary,59309
854,Ama,Hilll,M,1997-08-10,temporary,98448
729,Abril,Hansen,M,1971-01-25,temporary,66703
745,Stephenie,White,M,1995-01-11,permanent,109304
847,Cory,Funk,F,1999-02-18,permanent,80614
749,Berneice,Wilkinson,M,1979-08-15,permanent,91162
777,Charlsie,Schuppe,M,1976-03-24,permanent,78911
229,Octave,Grant,M,1975-04-28,temporary,69936
176,Breonna,Schaefer,F,1982-06-28,permanent,105640
517,Ashley,Emard,F,1971-01-09,permanent,149670
163,Offie,Bernier,M,1983-12-18,permanent,89910
191,Denice,Hand,F,1994-10-29,temporary,83935
775,Verna,Kunze,F,1991-08-05,permanent,100598
191,Jacquez,Halvorson,F,1991-08-03,permanent,55690
211,Savon,Lubowitz,M,1972-11-11,permanent,110521
936,Freda,Dare,M,1970-03-04,permanent,97777
769,Ardell,Carter,F,1993-07-09,temporary,129321
719,Leola,Schroeder,F,1972-12-31,permanent,72369
213,Willie,O'Keefe,F,1998-01-12,permanent,124504
242,Clemence,O'Connell,F,1984-06-24,permanent,92830
930,Joshuah,O'Keefe,M,1974-01-05,permanent,142896
141,Thurman,Bosco,F,1973-06-29,permanent,130265
813,Cyril,Fahey,M,1971-04-16,permanent,146821
227,Xiomara,Armstrong,M,1996-07-29,permanent,145164
62,Jarred,Kilback,M,1990-03-28,permanent,56123
476,Claiborne,Lockman,F,1980-12-21,permanent,87904
801,Raven,Hammes,M,1988-06-20,temporary,97382
362,Woodson,Dietrich,M,1992-05-31,permanent,77757
452,Brittaney,Wisoky,M,1974-02-03,permanent,114863
321,Lim,Schmitt,M,1974-02-19,permanent,128365
80,Adella,Hintz,F,1970-12-21,permanent,116692
466,Isom,Hartmann,M,1986-07-28,temporary,144872
884,Nelly,Kiehn,F,1970-10-23,temporary,59296
101,Delvin,Schuppe,M,1997-06-05,permanent,62462
720,Alfred,Wiza,F,1999-02-20,temporary,61723
73,Gregorio,Christiansen,M,1986-07-25,temporary,112205
599,Echo,Lowe,F,1984-12-29,permanent,58458
781,Romeo,Kohler,F,1970-09-30,permanent,75400
508,Ally,Turcotte,M,1994-06-30,permanent,130803
415,Quintin,Halvorson,M,1976-06-07,temporary,81527
36,Lukas,Kunze,M,1996-09-29,temporary,139432
584,Kymani,Erdman,M,1989-05-13,temporary,82247
516,Sherrie,Parker,M,1977-11-17,permanent,115952
277,Meta,Denesik,F,1971-12-21,permanent,65794
5,Christopher,D'Amore,F,1974-03-16,permanent,103614
790,Johnny,Wehner,F,1974-07-04,temporary,72728
21,Ezequiel,Baumbach,M,1992-12-19,permanent,131575
747,Charley,Hessel,M,1998-03-23,permanent,90608
137,Winston,Sipes,M,1998-05-22,permanent,106134
600,Lani,Lang,M,1974-07-06,temporary,105188
269,Kiya,Reynolds,F,1981-04-01,temporary,100427
222,Beckie,Welch,F,1983-05-13,temporary,85858
73,Brandon,Stokes,F,1980-01-23,temporary,117282
681,Kassie,Rogahn,F,1985-09-23,permanent,110676
459,Claiborne,Kuhn,F,1995-05-15,permanent,58088
710,Noreen,Bayer,M,1985-07-26,temporary,131732
814,Chaya,Zboncak,M,1989-05-16,permanent,62362
267,Eliot,Johnston,M,1979-10-27,permanent,121358
765,Kristen,Bechtelar,M,1994-06-17,temporary,95144
666,Alysha,Greenholt,M,1984-01-24,temporary,141005
910,Dereck,Jacobson,F,1977-01-27,temporary,79325
583,Mabel,O'Hara,F,1982-10-28,permanent,136284
985,Elba,Predovic,F,1990-08-17,permanent,104396
735,Lucius,Kautzer,F,1994-07-24,permanent,77156
947,Kirby,Schmitt,M,1970-01-19,permanent,138064
57,Jamin,Gerhold,M,1996-08-09,permanent,114066
866,Evonne,Conn,M,1992-09-21,permanent,55730
126,Redmond,Zieme,M,1979-04-06,permanent,90315
886,Ambers,Bergstrom,F,1975-04-26,temporary,119200
149,Sheilah,Hoeger,F,1990-12-11,permanent,57102
460,Erin,Schmidt,M,1996-11-30,permanent,107436
928,West,Blanda,M,1999-08-21,permanent,71422
396,Rudolfo,Schumm,F,1987-08-06,permanent,110232
640,Clint,Feil,F,1975-12-18,permanent,120068
784,Duard,Reichert,F,1984-05-22,permanent,146078
254,Leonor,Reynolds,F,1989-04-09,permanent,79301
814,Laddie,Stroman,F,1996-01-11,permanent,72613
124,Edrie,Wilderman,F,1976-02-03,temporary,117636
873,Minta,Schmitt,F,1972-04-17,permanent,108987
337,Carlota,Ruecker,M,1973-05-14,permanent,141437
147,Bryan,Schulist,M,1972-09-10,permanent,146652
889,Zechariah,Will,F,1977-06-27,permanent,127310
354,Levon,Reinger,F,1980-01-10,permanent,100738
980,Gisselle,Goodwin,M,1990-01-02,temporary,136427
328,Randal,Greenholt,F,1996-05-05,permanent,121584
207,True,Mante,M,1984-04-29,temporary,84350
517,Dinah,Ortiz,M,1991-07-21,temporary,129401
281,Simon,Ortiz,F,1978-05-18,temporary,67293
390,Rosanne,Kihn,M,1990-01-02,permanent,149941
309,Beatriz,Brakus,M,1974-07-12,temporary,118988
637,Iyanna,Bauch,F,1985-06-12,permanent,117873
217,Ryann,Mertz,M,1997-06-21,temporary,83567
480,Guss,Schultz,M,1996-04-27,permanent,95139
690,Dejah,Mertz,F,1978-08-06,permanent,113054
492,Irl,Okuneva,M,1981-10-04,permanent,58334
126,Rayfield,Armstrong,M,1974-01-16,permanent,121744
797,Oline,Bednar,F,1992-11-02,temporary,121636
679,Marie,Gibson,M,1982-03-22,temporary,138310
217,Adrian,Christiansen,F,1992-05-20,permanent,118067
775,Anfernee,Mitchell,F,1988-05-17,permanent,92425
599,Joshuah,Walker,F,1982-04-12,temporary,127064
908,Angella,Stanton,F,1995-08-02,temporary,104029
824,Mathilda,Cormier,F,1978-08-07,temporary,140012
698,Elvis,Kunze,M,1979-06-19,permanent,138143
841,Sarai,Heidenreich,F,1983-03-08,permanent,76742
54,Keandre,Herzog,M,1991-06-27,permanent,133885
818,Mikeal,Deckow,M,1970-12-05,temporary,99191
792,Akeem,Mann,F,1974-11-26,permanent,120863
906,Augustin,Bins,M,1987-06-27,permanent,136597
751,Eric,Gislason,M,1984-10-29,temporary,70713
43,Montel,Kunde,F,1996-07-29,permanent,105292
628,Lucretia,Shanahan,M,1983-07-02,permanent,128515
749,Drake,Conroy,F,1988-11-28,temporary,146475
134,Seth,Schuppe,M,1986-11-23,temporary,148986
623,Tyrique,Gusikowski,F,1971-02-10,permanent,145009
430,Stephan,Streich,M,1995-02-08,permanent,80348
490,Beula,Koss,F,1971-04-29,temporary,77730
669,Evaline,Bashirian,M,1988-12-20,permanent,108479
920,Devan,Harris,M,1972-09-26,permanent,124033
291,Berneice,Powlowski,M,1980-11-25,permanent,146171
363,Moody,Padberg,F,1996-06-27,permanent,117535
378,Jeannine,Hyatt,M,1970-11-18,permanent,126739
710,Jaycee,Koss,M,1971-10-15,temporary,147143
151,Truman,Hansen,M,1999-01-15,permanent,108002
994,Gertie,Veum,M,1994-11-16,temporary,78682
430,Octavia,Schaefer,M,1971-02-23,temporary,119608
185,Thomas,Leffler,M,1991-01-27,permanent,96328
222,Caddie,Toy,F,1986-12-16,permanent,74409
921,Kory,Luettgen,M,1993-04-28,permanent,70790
218,Kaiden,Hayes,M,1975-04-06,permanent,143624
666,Ross,Konopelski,F,1999-05-30,temporary,87013
809,Milas,Williamson,F,1977-11-02,permanent,93584
233,Leo,Bartell,M,1995-07-07,permanent,74990
607,Stuart,Cronin,F,1971-11-18,temporary,128312
780,Elaine,Von,M,1972-07-06,permanent,63224
542,Casimer,Reynolds,M,1980-01-06,permanent,76821
75,Kayson,Towne,F,1980-11-08,temporary,68757
166,Ailene,Bradtke,M,1977-10-27,temporary,126848
780,Hailey,Luettgen,M,1979-02-25,permanent,64791
660,Rebekah,Ullrich,F,1986-12-04,temporary,118321
590,Santana,Jones,F,1999-03-09,temporary,85004
214,Debbie,Bayer,F,1983-12-31,permanent,140985
34,Danyel,Considine,F,1973-05-05,permanent,61059
79,Dorsey,Zemlak,M,1988-10-30,temporary,72049
590,Deidre,Graham,F,1984-02-18,temporary,85806
233,Bryce,Beatty,M,1970-12-15,permanent,57111
860,Tera,Glover,M,1972-04-07,temporary,123495
731,Abraham,Botsford,M,1990-06-01,temporary,80828
189,Clarke,Block,M,1982-07-10,permanent,80576
668,Karrie,Prosacco,F,1970-12-23,permanent,119203
160,Daniele,Kassulke,M,1989-04-28,permanent,138123
56,Seth,Rippin,M,1976-04-11,permanent,148561
406,Vida,Hintz,F,1971-10-28,permanent,121373
91,Glennis,Abshire,M,1992-01-19,temporary,104223
743,Dessa,Crona,F,1975-04-06,temporary,60560
767,Joshua,Renner,M,1979-02-26,permanent,109423
88,Tempie,Heller,F,1983-07-10,permanent,141141
419,Tari,Waelchi,F,1998-10-08,permanent,84696
724,Gunnar,Prosacco,M,1979-01-26,permanent,126024
607,Alto,Wisozk,F,1975-01-11,permanent,136728
792,Nanci,Schuppe,F,1989-12-30,permanent,56949
367,Kerwin,Purdy,M,1979-01-03,permanent,55215
835,Olar,Pagac,M,1997-02-15,temporary,93548
260,Karley,Hahn,M,1984-08-24,permanent,134543
772,Linsey,Grant,F,1974-11-11,permanent,73168
36,Callie,Lesch,M,1992-10-04,temporary,66278
699,Gloria,Treutel,F,1995-12-16,permanent,100276
544,Henrietta,Greenholt,M,1977-04-06,permanent,93206
931,Sommer,Johnston,F,1972-11-24,permanent,95217
995,Diamond,Corkery,M,1974-05-25,permanent,132008
893,Cheyenne,Schroeder,M,1972-02-21,permanent,126051
301,Jimmie,Wisoky,F,1982-03-15,permanent,55945
95,Jase,Dibbert,M,1972-12-03,permanent,146698
819,Jed,Casper,M,1998-04-21,permanent,98343
137,Rosco,Lynch,M,1989-06-20,permanent,103499
562,Alpheus,Mayer,F,1977-01-25,permanent,83631
385,Marina,Stark,M,1995-02-19,temporary,98078
97,Jonnie,McDermott,M,1980-07-13,permanent,100740
916,Jerrad,Orn,M,1976-12-15,permanent,142640
762,Fitzgerald,Welch,M,1991-04-11,permanent,88134
308,Elberta,Harvey,F,1988-12-29,permanent,146691
799,Valentino,Hudson,M,1988-09-16,permanent,98463
606,Patty,Swift,F,1987-12-26,permanent,126589
712,Dann,Crooks,M,1983-12-25,permanent,66592
132,Maxim,Orn,M,1971-03-01,permanent,127966
126,Kimberli,Walter,M,1976-03-07,permanent,60712
277,Talmage,Bartell,F,1989-02-19,permanent,103606
960,Laurie,Nienow,M,1993-04-01,permanent,127405
